reduction,n_regualation
0.0,129
0.1,166
0.2,199
0.30000000000000004,234
0.4,445
0.5,336
0.6000000000000001,204
0.7000000000000001,132
0.8,31
0.9,4
