capacity,frequency
0.1,97
0.2,201
0.30000000000000004,192
0.4,95
0.5,79
0.6000000000000001,30
0.7000000000000001,5
0.8,1
0.9,0
1.0,1
